{"cameraMode":{"drawMode":0,"name":"Shaded","section":"Shading Mode"},"sceneLighting":false,"audioPlay":false,"sceneViewState":{"showFog":true,"showMaterialUpdate":false,"showSkybox":true,"showFlares":true,"showImageEffects":true,"showParticleSystems":true},"in2DMode":false,"pivot":{"x":0.8241811990737915,"y":1.3429731130599976,"z":-3.734545946121216},"rotation":{"x":0.5110980868339539,"y":0.4762832224369049,"z":-0.578866183757782,"w":0.42053183913230898},"size":0.9431015849113464,"orthographic":false}