{"cameraMode":{"drawMode":0,"name":"Shaded","section":"Shading Mode"},"sceneLighting":false,"audioPlay":false,"sceneViewState":{"showFog":true,"showMaterialUpdate":false,"showSkybox":true,"showFlares":true,"showImageEffects":true,"showParticleSystems":true},"in2DMode":false,"pivot":{"x":0.2459999918937683,"y":0.3840000033378601,"z":2.8329999446868898},"rotation":{"x":-0.08129394799470902,"y":0.7858427166938782,"z":-0.10578309744596482,"w":-0.6038647890090942},"size":1.730534553527832,"orthographic":false}