{"cameraMode":{"drawMode":0,"name":"Shaded","section":"Shading Mode"},"sceneLighting":false,"audioPlay":false,"sceneViewState":{"showFog":true,"showMaterialUpdate":false,"showSkybox":true,"showFlares":true,"showImageEffects":true,"showParticleSystems":true},"in2DMode":false,"pivot":{"x":0.9684669971466065,"y":1.0922985076904297,"z":-0.3111313581466675},"rotation":{"x":0.018745897337794305,"y":0.6674795746803284,"z":0.016820907592773439,"w":-0.7442020177841187},"size":4.346432209014893,"orthographic":false}