{"cameraMode":{"drawMode":0,"name":"Shaded","section":"Shading Mode"},"sceneLighting":true,"audioPlay":false,"sceneViewState":{"showFog":true,"showMaterialUpdate":false,"showSkybox":true,"showFlares":true,"showImageEffects":true,"showParticleSystems":true},"in2DMode":false,"pivot":{"x":0.18376803398132325,"y":0.2762190103530884,"z":1.6283146142959595},"rotation":{"x":-0.3486868739128113,"y":0.5886678695678711,"z":-0.3112086057662964,"w":-0.6595731973648071},"size":2.716560125350952,"orthographic":false}