{"cameraMode":{"drawMode":0,"name":"Shaded","section":"Shading Mode"},"sceneLighting":false,"audioPlay":false,"sceneViewState":{"showFog":true,"showMaterialUpdate":false,"showSkybox":true,"showFlares":true,"showImageEffects":true,"showParticleSystems":true},"in2DMode":false,"pivot":{"x":0.550000011920929,"y":1.1699999570846558,"z":-2.9301767349243166},"rotation":{"x":-0.1335548311471939,"y":0.8642142415046692,"z":-0.3079519271850586,"w":-0.37478339672088625},"size":1.1278085708618165,"orthographic":false}