{"cameraMode":{"drawMode":0,"name":"Shaded","section":"Shading Mode"},"sceneLighting":true,"audioPlay":false,"sceneViewState":{"showFog":true,"showMaterialUpdate":false,"showSkybox":true,"showFlares":true,"showImageEffects":true,"showParticleSystems":true},"in2DMode":false,"pivot":{"x":0.5853734016418457,"y":0.14622637629508973,"z":0.6100000143051148},"rotation":{"x":0.19409075379371644,"y":-0.5412735342979431,"z":0.1300501525402069,"w":0.8077368140220642},"size":1.7278162240982056,"orthographic":false}