{"cameraMode":{"drawMode":0,"name":"Shaded","section":"Shading Mode"},"sceneLighting":false,"audioPlay":false,"sceneViewState":{"showFog":true,"showMaterialUpdate":false,"showSkybox":true,"showFlares":true,"showImageEffects":true,"showParticleSystems":true},"in2DMode":false,"pivot":{"x":3.7726378440856935,"y":0.8619917631149292,"z":2.440000057220459},"rotation":{"x":-0.05732494220137596,"y":-0.8989102244377136,"z":0.12375341355800629,"w":-0.41636449098587038},"size":4.531458854675293,"orthographic":false}