{"cameraMode":{"drawMode":0,"name":"Shaded","section":"Shading Mode"},"sceneLighting":false,"audioPlay":false,"sceneViewState":{"showFog":true,"showMaterialUpdate":false,"showSkybox":true,"showFlares":true,"showImageEffects":true,"showParticleSystems":true},"in2DMode":false,"pivot":{"x":3.75,"y":0.5013999938964844,"z":2.440000534057617},"rotation":{"x":-0.012757324613630772,"y":-0.9870696067810059,"z":0.10283752530813217,"w":-0.1222923994064331},"size":4.965096473693848,"orthographic":false}